{
  "intercept": 483.41640783343087,
  "offset": 104.92983720108055,
  "features": [
    {
      "feature": "n_variable",
      "coefficient": 1.0,
      "exponent": 0.1269440109756802
    }
  ]
}