{
  "intercept": 487.68880052086394,
  "offset": 104.92983720108009,
  "features": [
    {
      "feature": "n_variable",
      "coefficient": 1.0,
      "exponent": 0.11424960987811217
    }
  ]
}