{
  "intercept": 527.5310425885946,
  "offset": 66.8064112304586,
  "features": [
    {
      "feature": "n_sp",
      "coefficient": 1.0,
      "exponent": 0.10155520878054336
    }
  ]
}