{
  "intercept": 4.003240530198582,
  "offset": 1.550713814455829,
  "features": [
    {
      "feature": "n_obs",
      "coefficient": 1.0,
      "exponent": 0.10462544118784817
    }
  ]
}